noc_2021,noc_plus_title,Herfindahl Index,Distance from centroid,Share of weights reallocated,Scaled Similarity,sort_score
72600,"72600: Air pilots, flight engineers and flying instructors",0.5563832874543206,23.69680900960237,0.2193560326789387,0,0
41200,41200: University professors and lecturers,0.04272579772850188,16.374243883668445,0.11690760527969836,0.30901059813440235,0.013202724311853854
41210,41210: College and other vocational instructors,0.04142011834319526,15.115706808416716,0.09084249084249084,0.3621205790918278,0.014999077240489909
41310,41310: Police investigators and other investigative occupations,0.044726323841911664,13.81320136471623,0.10737498531118055,0.417086015289279,0.018654724189760812
31100,31100: Specialists in clinical and laboratory medicine,0.055254804008398925,15.506964940656193,0.03802695726985951,0.34560957408347703,0.019096589279408754
31101,31101: Specialists in surgery,0.055254804008398925,15.506964940656193,0.03802695726985951,0.34560957408347703,0.019096589279408754
75110,75110: Construction trades helpers and labourers,0.08760330578512397,15.71613369203494,0.10676982591876209,0.33678269991261345,0.029503277843584322
41301,41301: Therapists in counselling and related specialized therapies,0.07636205875628047,13.668712090397248,0.08320493066255782,0.42318343010409365,0.03231515795429311
21399,21399: Other professional engineers,0.09577632361689471,15.021153193035467,0.023228803716608636,0.3661107203527434,0.035064738832118796
31303,"31303: Physician assistants, midwives and allied health professionals",0.07601864275121814,11.422808776389461,0.05742296918767506,0.5179600438286549,0.03937461953121581
21210,"21210: Mathematicians, statisticians and actuaries",0.16099173553719012,17.749830791911048,0.034449760765550265,0.2509611406025807,0.04040266957800225
94102,94102: Glass forming and finishing machine operators and glass cutters,0.11562130177514794,14.88789110037559,0.03800904977375564,0.3717343506316504,0.042980409534570704
33103,33103: Pharmacy technical assistants and pharmacy assistants,0.06911458333333333,8.607661145631324,0.09999999999999999,0.6367586394377679,0.04400930804864156
21110,21110: Biologists and related scientists,0.10112878460368806,13.172491519716381,0.1821580979475716,0.4441238263608128,0.04491370277340839
53121,"53121: Actors, comedians and circus performers",0.6799999999999999,22.063967699542854,0.1333333333333333,0.06890553531481214,0.04685576401407225
65201,"65201: Food counter attendants, kitchen helpers and related support occupations",0.16666666666666666,16.67863042632479,0,0.296165554629473,0.049360925771578835
32109,32109: Other technical occupations in therapy and assessment,0.08139534883720931,8.722719059919465,0.12790697674418605,0.6319032213837372,0.05143398313588559
74204,74204: Utility maintenance workers,0.16666666666666666,16.33886910327187,0,0.31050340589523817,0.05175056764920636
72423,"72423: Motorcycle, all-terrain vehicle and other related mechanics",0.1719150841066786,16.560594954026374,0.17556477639465193,0.30114662496052835,0.05177164735853163
41400,"41400: Natural and applied science policy researchers, consultants and program officers",0.11616500940607362,12.601896906522617,0.20199063231850117,0.46820279045098,0.054388781556688005
33109,33109: Other assisting occupations in support of health services,0.08787316579524372,8.413892348294283,0.12987012987012989,0.6449356390185352,0.0566725363347372
73400,73400: Heavy equipment operators,0.20000000000000004,16.88501509222385,0,0.28745616823844344,0.0574912336476887
21211,21211: Data scientists,0.13398453949019157,13.43415662815115,0.1267692537815755,0.4330816177525256,0.058026241116239316
73200,73200: Residential and commercial installers and servicers,0.15223997647289483,14.586153585244785,0.06160616061606163,0.3844676057719748,0.05853133925731565
22220,22220: Computer network and web technicians,0.125,12.451825059219107,0,0.4745357885876783,0.05931697357345979
65329,65329: Other service support occupations,0.17615437970669837,14.902635785689409,0.2422203532380151,0.3711121282342025,0.06537302675072863
94100,"94100: Machine operators, mineral and metal processing",0.2018377550560786,16.01935532835805,0.10414255959268692,0.32398681519242856,0.06539277144620839
42101,42101: Firefighters,0.4074074074074074,19.88053095177987,0.08888888888888885,0.16104607402102422,0.0656113634900469
82030,82030: Agricultural service contractors and farm supervisors,0.2018377550560786,15.960492793455781,0.10414255959268692,0.3264708009003109,0.06589413354507875
21301,21301: Mechanical engineers,0.25,17.444205290020196,0,0.26385846790800005,0.06596461697700001
85101,85101: Harvesting labourers,0.4021477098400175,19.7634369125402,0.188034188034188,0.16598741608915768,0.06675145924251684
73301,"73301: Bus drivers, subway operators and other transit operators",0.2899408284023669,18.130862749151373,0.06593406593406598,0.23488167787466974,0.06810178825951964
31200,31200: Psychologists,0.20000000000000004,15.583886627988985,0,0.3423634962127552,0.06847269924255105
94106,94106: Machining tool operators,0.17951557093425605,14.563371782178706,0.07161125319693096,0.38542899272735964,0.06919050568406719
74205,74205: Public works maintenance equipment operators and related workers,0.25,17.018910609916624,0,0.2818058075658939,0.07045145189147348
21300,21300: Civil engineers,0.25,16.90850777623663,0,0.28646478226730865,0.07161619556682716
90011,90011: Utilities managers,0.16515534413557306,13.340083854524748,0.022418732096151514,0.4370514675997469,0.07218138553639346
22311,22311: Electronic service technicians (household and business equipment),0.18075017315786668,14.111127159024454,0.17899079657251665,0.40451361390867546,0.07311590575870752
90010,90010: Manufacturing managers,0.16666666666666666,13.214599741460045,0.16666666666666666,0.4423468688925478,0.07372447814875796
11202,"11202: Professional occupations in advertising, marketing and public relations",0.23117128665278003,16.028671074462867,0.10087025316455699,0.32359369280615946,0.07480557031872433
10029,10029: Other business services managers,0.16666666666666666,13.035928575895891,0,0.44988675181483295,0.07498112530247215
21321,21321: Industrial and manufacturing engineers,0.16666666666666666,12.777582403326516,0,0.46078890207754086,0.07679815034625681
94140,"94140: Process control and machine operators, food and beverage processing",0.15370655492240862,11.701132185700214,0.2132161011127902,0.5062148586774402,0.07780854197784327
41321,41321: Career development practitioners and career counsellors (except education),0.20000000000000004,14.356719556473212,0,0.3941496700819248,0.07882993401638498
21223,21223: Database analysts and data administrators,0.20000000000000004,14.340598169320641,0,0.3948299889867207,0.07896599779734416
41221,41221: Elementary school and kindergarten teachers,0.1552,11.396369079575695,0.036923076923076906,0.5190757930758658,0.08056056308537438
11102,11102: Financial advisors,0.22491349480968859,15.166358381820901,0.05228758169934642,0.3599830941087797,0.08096505576841066
11109,11109: Other financial officers,0.22491349480968859,15.166358381820901,0.05228758169934642,0.3599830941087797,0.08096505576841066
41409,41409: Other professional occupations in social science,0.21865154379332075,14.657522954241387,0.08543096872616326,0.38145583448379494,0.0834059070988512
92100,92100: Power engineers and power systems operators,0.16666666666666666,11.459699555964535,0,0.5164032612441253,0.08606721020735421
63102,63102: Financial sales representatives,0.25510204081632654,15.617986778912469,0.10714285714285712,0.34092447752843924,0.0869705299817447
93101,"93101: Central control and process operators, petroleum, gas and chemical processing",0.20000000000000004,13.382774988336564,0,0.4352499113735683,0.08704998227471367
11200,11200: Human resources professionals,0.2092093399403759,13.743610577464294,0.23678042900828108,0.42002273082864705,0.08787267827661543
72999,72999: Other technical trades and related occupations,0.19524462734339273,12.846606381640463,0.03527336860670194,0.4578761057476224,0.08939784963613842
63211,"63211: Estheticians, electrologists and related occupations",0.2899408284023669,16.265454044838314,0.06593406593406598,0.31360150481665006,0.09092588009476837
64410,64410: Security guards and related security service occupations,0.1547619047619048,9.673427050620473,0.1904761904761905,0.5917835584233881,0.09158555070838152
10011,10011: Human resources managers,0.3333333333333333,17.17917844431925,0,0.2750425410713342,0.09168084702377806
51111,51111: Authors and writers (except technical),0.31122448979591844,16.711176861971026,0.06428571428571433,0.29479210237971876,0.09174652165899412
51112,51112: Technical writers,0.31122448979591844,16.711176861971026,0.06428571428571433,0.29479210237971876,0.09174652165899412
45100,"45100: Student monitors, crossing guards and related occupations",0.14836848747070489,8.92729603375651,0.1805992038550178,0.6232701191903512,0.09247364486995836
14201,"14201: Banking, insurance and other financial clerks",0.25510204081632654,14.920209378892453,0.10714285714285712,0.3703705265613392,0.0944822771840151
94124,94124: Woodworking machine operators,0.31129769369752364,16.23651220058473,0.11068909386869236,0.31482284412194883,0.09800362529845766
83100,83100: Underground production and development miners,0.4074074074074074,17.942749159296625,0.08888888888888885,0.24282002897411614,0.0989266784709362
20011,20011: Architecture and science managers,0.22666666666666666,13.32779572845752,0.13333333333333333,0.43757002375058773,0.09918253871679988
22231,22231: Engineering inspectors and regulatory officers,0.15850986121256394,8.772565384777696,0.17923186344238975,0.6297997177078611,0.09982946584558501
14101,14101: Receptionists,0.3333333333333333,16.578443416046554,0,0.30039342388552515,0.10013114129517504
22232,22232: Occupational health and safety specialists,0.3125,16.08587203977839,0.16666666666666666,0.3211798249603941,0.10036869530012316
10022,"10022: Advertising, marketing and public relations managers",0.27498453217955654,15.004472244300368,0.20288734521292662,0.3668146526302217,0.10086835565012806
75101,75101: Material handlers,0.232144046425032,13.310743731529175,0.2123268747972949,0.4382896141782032,0.10174632454139418
62100,62100: Technical sales specialists - wholesale trade,0.23914080227154969,13.601423209511823,0.11117915697013175,0.4260230057135421,0.10187948337247346
22301,22301: Mechanical engineering technologists and technicians,0.203125,11.335008759054867,0.15,0.5216651847739617,0.10596324065721098
21311,21311: Computer engineers (except software engineers and designers),0.25510204081632654,13.848608172221246,0.10714285714285712,0.4155918559916847,0.10601833061012365
31300,31300: Nursing coordinators and supervisors,0.20000000000000004,11.002864933894172,0,0.5356815793453197,0.10713631586906396
31301,31301: Registered nurses and registered psychiatric nurses,0.20000000000000004,11.002864933894172,0,0.5356815793453197,0.10713631586906396
73209,73209: Other repairers and servicers,0.23553719008264465,12.885014555398964,0.08080808080808084,0.4562552894705052,0.10746508884222644
63200,63200: Cooks,0.25,13.058717952724484,0,0.44892504524837673,0.11223126131209418
75119,75119: Other trades helpers and labourers,0.3333333333333333,15.666533052775456,0,0.33887583571158897,0.11295861190386298
52119,"52119: Other technical and coordinating occupations in motion pictures, broadcasting and the performing arts",0.19008264462809918,9.573772124476488,0.14141414141414138,0.595988973848883,0.11328716031838273
51120,"51120: Producers, directors, choreographers and related occupations",0.25,12.903954221380328,0.16666666666666666,0.45545603983424876,0.11386400995856219
14103,14103: Court clerks and related court services occupations,0.6925556281684422,19.79576235396903,0.19543125162859376,0.1646232897455756,0.11401078584090259
53124,53124: Artisans and craftspersons,0.31122448979591844,14.995499630677271,0.06428571428571433,0.36719329490308894,0.11427954586269608
31302,31302: Nurse practitioners,0.25510204081632654,13.074895891803024,0.10714285714285712,0.44824233986504924,0.1143475356798595
14301,"14301: Correspondence, publication and regulatory clerks",0.4515235457063711,17.69357210773783,0.09022556390977443,0.253335244396489,0.1143868278022928
21220,21220: Cybersecurity specialists,0.2899408284023669,14.299073076531705,0.06593406593406598,0.39658233854450753,0.11498541176734244
21221,21221: Business systems specialists,0.2899408284023669,14.299073076531705,0.06593406593406598,0.39658233854450753,0.11498541176734244
21222,21222: Information systems specialists,0.2899408284023669,14.299073076531705,0.06593406593406598,0.39658233854450753,0.11498541176734244
72400,72400: Construction millwrights and industrial mechanics,0.3333333333333333,15.46441100437088,0,0.3474053406049554,0.1158017802016518
21234,21234: Web developers and programmers,0.3383742911153119,15.584664371479482,0.11594202898550728,0.342330675612725,0.11583589968748162
84120,84120: Specialized livestock workers and farm machinery operators,0.2199371235570243,11.10120645531698,0.13932307784642278,0.5315315893030756,0.11690352883101204
85100,85100: Livestock labourers,0.2199371235570243,11.10120645531698,0.13932307784642278,0.5315315893030756,0.11690352883101204
10010,10010: Financial managers,0.3333333333333333,15.345592185903753,0,0.3524194679677991,0.11747315598926636
10021,"10021: Banking, credit and other investment managers",0.3333333333333333,15.345592185903753,0,0.3524194679677991,0.11747315598926636
32124,32124: Pharmacy technicians,0.17708333333333334,7.899279243647444,0.10416666666666669,0.6666521960637605,0.11805299305295759
32129,32129: Other medical technologists and technicians,0.17708333333333334,7.899279243647444,0.10416666666666669,0.6666521960637605,0.11805299305295759
21320,21320: Chemical engineers,0.6799999999999999,19.57021497793231,0.1333333333333333,0.1741413381859933,0.11841610996647545
13200,"13200: Customs, ship and other brokers",0.25,12.418775633836018,0,0.4759304668909764,0.1189826167227441
31110,31110: Dentists,0.25,12.231114009147138,0,0.48384974516227597,0.12096243629056899
22310,22310: Electrical and electronics engineering technologists and technicians,0.25510204081632654,12.372663479415856,0.10714285714285712,0.4778763894158816,0.12190724219792899
74102,74102: Couriers and messengers,0.2899408284023669,13.69218207384732,0.06593406593406598,0.4221930020915895,0.12241098877211769
75201,75201: Delivery service drivers and door-to-door distributors,0.2899408284023669,13.69218207384732,0.06593406593406598,0.4221930020915895,0.12241098877211769
21100,21100: Physicists and astronomers,0.3721799307958477,15.876356263225222,0.1411764705882353,0.33002134351541423,0.12282732079071955
32121,32121: Medical radiation technologists,0.20000000000000004,9.053220204564523,0,0.6179561475599522,0.12359122951199046
75212,75212: Public works and maintenance labourers,0.3333333333333333,14.853093647825458,0,0.37320279528747013,0.12440093176249004
70012,70012: Facility operation and maintenance managers,0.24872843127427097,11.80614373112761,0.22640918580375782,0.5017833951253289,0.12480779670900072
10020,"10020: Insurance, real estate and financial brokerage managers",0.43859649122807026,16.800515089635986,0.23157894736842108,0.29102204930511455,0.1276412496952257
73310,73310: Railway and yard locomotive engineers,0.5,17.60977208053482,0,0.2568715866596626,0.1284357933298313
94112,94112: Rubber processing machine operators and related workers,0.2412449461250556,10.984314437947848,0.21592935310770273,0.5364644060937991,0.1294193267461085
32120,32120: Medical laboratory technologists,0.2149901380670612,9.414857012686474,0.12307692307692308,0.602695155754034,0.1295735147479087
22300,22300: Civil engineering technologists and technicians,0.2037037037037037,8.345231991337695,0.08888888888888885,0.6478330906091171,0.1319659999388942
42100,42100: Police officers (except commissioned),0.22576177285318555,9.841386578895897,0.09022556390977443,0.5846957041807616,0.13200193875549046
33102,"33102: Nurse aides, orderlies and patient service associates",0.2899408284023669,12.903226065599378,0.06593406593406598,0.4554867678441109,0.13206421079503808
72320,72320: Bricklayers,0.3333333333333333,14.258768556350535,0,0.39828318021330933,0.1327610600711031
72201,72201: Industrial electricians,0.5,17.359899690602823,0,0.26741614520468626,0.13370807260234313
94111,94111: Plastics processing machine operators,0.32531376663321554,13.866613269564558,0.1955312713435457,0.41483204494134385,0.13495057506002792
41201,41201: Post-secondary teaching and research assistants,0.3333333333333333,14.012182867685029,0,0.4086890407055632,0.13622968023518772
64401,64401: Postal services representatives,0.3333333333333333,13.949909244414371,0,0.4113169735738842,0.1371056578579614
74100,74100: Mail and parcel sorters and related occupations,0.3333333333333333,13.949909244414371,0,0.4113169735738842,0.1371056578579614
41300,41300: Social workers,0.3333333333333333,13.824874114658186,0,0.4165934278722464,0.13886447595741547
75210,75210: Boat and cable ferry operators and related occupations,0.4074074074074074,15.552359162938792,0.08888888888888885,0.34369394813298704,0.1400234603504762
31204,31204: Kinesiologists and other professional occupations in therapy and assessment,0.22491349480968859,8.77162134723706,0.05228758169934642,0.6298395558793319,0.1416594156822027
84101,84101: Oil and gas well drilling and related workers and services operators,0.4074074074074074,15.29293388378806,0.08888888888888885,0.3546416364502457,0.1444836296649149
62202,"62202: Jewellers, jewellery and watch repairers and related occupations",0.3333333333333333,13.329238535697414,0,0.4375091376102087,0.1458363792034029
32200,32200: Traditional Chinese medicine practitioners and acupuncturists,0.2892561983471075,11.699753366252182,0.15584415584415584,0.5062730445474226,0.14644261619140325
32209,32209: Other practitioners of natural healing,0.2892561983471075,11.699753366252182,0.15584415584415584,0.5062730445474226,0.14644261619140325
00018,00018: Senior managers - public and private sector,0.4429676651458044,15.809548395089445,0.13896713615023473,0.33284062049522645,0.14743763252645123
43202,43202: By-law enforcement and other regulatory officers,0.24446648893297787,9.391241394316443,0.269748539497079,0.6036917295273407,0.14758239751542593
72101,72101: Tool and die makers,0.3333333333333333,13.116752413136552,0,0.44647600409736976,0.14882533469912324
73102,"73102: Plasterers, drywall installers and finishers and lathers",0.3333333333333333,13.09273666007087,0,0.44748946346466056,0.14916315448822018
94121,"94121: Pulp mill, papermaking and finishing machine operators",0.31129769369752364,12.315192193468967,0.11068909386869236,0.48030166473137237,0.14951680050995744
14100,14100: General office support workers,0.2899408284023669,11.247432397794839,0.06593406593406598,0.525360887483324,0.15232357092711762
21233,21233: Web designers,0.32728647014361306,12.65581635695402,0.2054154995331466,0.4659274017938171,0.15249173467628332
72021,"72021: Contractors and supervisors, heavy equipment operator crews",0.26954732510288065,10.284526587741171,0.13888888888888887,0.5659952956715102,0.1525625179690696
72500,72500: Crane operators,0.4074074074074074,14.794615820351039,0.08888888888888885,0.3756705464285931,0.15305096335979718
22100,22100: Chemical technologists and technicians,0.25,9.108523745228906,0.16666666666666666,0.6156223506068699,0.15390558765171747
65311,65311: Specialized cleaners,0.3333333333333333,12.751668388324246,0,0.4618824676707719,0.15396082255692395
10019,10019: Other administrative services managers,0.3629064664727532,13.636919779382378,0.14556940057616882,0.4245250584643504,0.15406288889643638
64321,64321: Casino workers,0.3333333333333333,12.738578365143788,0,0.46243486369907916,0.1541449545663597
84110,84110: Chain saw and skidder operators,0.6799999999999999,18.290333969817844,0.1333333333333333,0.2281520283002545,0.15514337924417304
94101,94101: Foundry workers,0.43816884661117705,15.25935208079642,0.1921182266009852,0.3560587809686503,0.15601386538281523
41406,"41406: Recreation, sports and fitness policy researchers, consultants and program officers",0.2899408284023669,10.790953324818709,0.06593406593406598,0.5446242014928667,0.15790879214881937
65109,65109: Other sales related occupations,0.4074074074074074,14.36746174893837,0.08888888888888885,0.39369635198070685,0.1603948100662139
12013,"12013: Supervisors, supply chain, tracking and scheduling coordination occupations",0.2765068279515676,9.609577510874034,0.10800658788176487,0.5944779946118457,0.16437722457713055
95105,95105: Labourers in textile processing and cutting,0.4343993838805711,14.720884732555596,0.21007532035275636,0.3787819817178578,0.1645426594832992
12104,12104: Employment insurance and revenue officers,0.38761706555671177,13.57848277618533,0.2056451612903226,0.4269910868301683,0.16550903209598095
43203,"43203: Border services, customs, and immigration officers",0.38761706555671177,13.57848277618533,0.2056451612903226,0.4269910868301683,0.16550903209598095
42202,42202: Early childhood educators and assistants,0.34640231677433725,11.931066480719364,0.18437225636523263,0.49651168324458017,0.17199279738144846
72302,72302: Gas fitters,0.35276621058893515,12.113605667167109,0.05321507760532146,0.48880857071268713,0.17243514719370817
72410,"72410: Automotive service technicians, truck and bus mechanics and mechanical repairers",0.5,15.499536276693894,0,0.34592306202859613,0.17296153101429806
41401,41401: Economists and economic policy researchers and analysts,0.5,15.473066529817428,0,0.347040079381681,0.1735200396908405
72404,72404: Aircraft mechanics and aircraft inspectors,0.5833333333333334,16.56708816643267,0.25,0.30087261286026357,0.1755090241684871
94103,"94103: Concrete, clay and stone forming operators",0.3689121529358216,12.333167852528499,0.2204920585487387,0.479543095969973,0.17690927595979206
94203,"94203: Assemblers, fabricators and inspectors, industrial electrical motors and transformers",0.529376832270536,15.770979431448348,0.23449745695418978,0.3344682220691543,0.17705972789412708
21109,21109: Other professional occupations in physical sciences,0.4074074074074074,13.36391834249094,0.08888888888888885,0.43604565757880553,0.1776482308654393
40030,"40030: Managers in social, community and correctional services",0.4074074074074074,13.33216878848824,0.08888888888888885,0.43738548160278423,0.1781940850974306
65320,"65320: Dry cleaning, laundry and related occupations",0.5,15.251486862497359,0,0.35639069140840085,0.17819534570420043
41220,41220: Secondary school teachers,0.2899408284023669,9.073550114049596,0.06593406593406598,0.6170982299611382,0.1789219720005667
22302,22302: Industrial engineering and manufacturing technologists and technicians,0.3333333333333333,10.722407193415734,0,0.5475168327908275,0.18250561093027584
62010,62010: Retail sales supervisors,0.31855955678670356,10.115245099931178,0.14035087719298245,0.5731389363085848,0.1825788855276655
53123,"53123: Theatre, fashion, exhibit and other creative designers",0.33999999999999997,10.949363235216676,0.1333333333333333,0.5379393389726101,0.18289937525068745
22114,22114: Landscape and horticulture technicians and specialists,0.5,14.826132545945587,0,0.37434054771096925,0.18717027385548463
32103,"32103: Respiratory therapists, clinical perfusionists and cardiopulmonary technologists",0.2926006744693513,8.516795850744705,0.24617268830373545,0.6405931344049932,0.18743798318733682
21112,"21112: Agricultural representatives, consultants and specialists",0.2899408284023669,8.328812005387656,0.06593406593406598,0.6485260103158753,0.18803416867146683
13101,13101: Property administrators,0.5,14.757778385676218,0,0.37722507787035364,0.18861253893517682
11100,11100: Financial auditors and accountants,0.48451406194375235,14.440262287186014,0.279245283018868,0.3906241856726548,0.1892629108937285
22110,22110: Biological technologists and technicians,0.2899408284023669,8.152701607985247,0.06593406593406598,0.655957829398818,0.19018895645291176
70020,70020: Managers in transportation,0.5,14.635328623200682,0,0.3823924302520991,0.19119621512604956
54100,"54100: Program leaders and instructors in recreation, sport and fitness",0.4074074074074074,12.543070860822908,0.08888888888888885,0.4706852363227373,0.19176065183518926
43201,43201: Correctional service officers,0.5,14.59950805025702,0,0.38390405035796005,0.19195202517898002
72010,"72010: Contractors and supervisors, machining, metal forming, shaping and erecting trades and related occupations",0.389196675900277,11.894936335483045,0.08187134502923973,0.4980363672314274,0.1938340986039212
73101,73101: Tilesetters,0.5,14.50790391927687,0,0.3877697240418315,0.19388486202091576
94130,"94130: Textile fibre and yarn, hide and pelt processing machine operators and workers",0.48639909157870787,14.13890227687435,0.09179761466578204,0.4033415101946842,0.19618494415467855
64100,64100: Retail salespersons and visual merchandisers,0.32689288733244776,9.448539216901795,0.21978021978021978,0.6012737743266159,0.19655212016690607
94151,"94151: Camera, platemaking and other prepress occupations",0.36776859504132237,10.930942772372717,0.0681818181818182,0.5387166783534735,0.1981230759233849
32123,32123: Cardiology technologists and electrophysiological diagnostic technologists,0.2925170068027211,7.511851124135681,0.09523809523809523,0.683001575398116,0.1997895764769999
13100,13100: Administrative officers,0.4770965693995415,13.635172061600857,0.2100827286562192,0.4245988117608729,0.20257463646223414
42204,42204: Religion workers,0.5,14.062112901242507,0,0.4065820045414431,0.20329100227072155
22212,22212: Drafting technologists and technicians,0.4074074074074074,11.631986885470196,0.08888888888888885,0.5091327747648762,0.2074244637930977
13201,13201: Production and transportation logistics coordinators,0.34501829495577147,9.443990850261583,0.25264654623371363,0.6014657143738336,0.2075166752476151
22112,22112: Forestry technologists and technicians,0.4074074074074074,11.44698218214662,0.08888888888888885,0.5169399315533116,0.21060515729949733
64409,64409: Other customer and information services representatives,0.3773096146992648,10.467138436976713,0.2526800424293033,0.558289116786347,0.2106478515454494
64312,64312: Airline ticket and service agents,0.3333333333333333,8.675736636038744,0,0.6338858690837581,0.21129528969458602
64313,"64313: Ground and water transport ticket agents, cargo service representatives and related clerks",0.3333333333333333,8.675736636038744,0,0.6338858690837581,0.21129528969458602
21310,21310: Electrical and electronics engineers,0.5,13.643487886443358,0.16666666666666666,0.42424788582653583,0.21212394291326792
60020,60020: Retail and wholesale trade managers,0.4865828485644587,13.360590371101827,0.06322444678609063,0.43618609722144963,0.2122406736902269
62201,62201: Funeral directors and embalmers,0.3333333333333333,8.459930006775814,0,0.6429928602054522,0.2143309534018174
41404,"41404: Health policy researchers, consultants and program officers",0.4164396731293062,11.459584349039407,0.2798134576948701,0.5164081229504032,0.21505282992278446
41407,41407: Program officers unique to government,0.6799999999999999,16.17008088808843,0.1333333333333333,0.3176262305386338,0.21598583676627098
22230,22230: Non-destructive testers and inspectors,0.5,13.422777644452939,0,0.433561808300274,0.216780904150137
41402,41402: Business development officers and market researchers and analysts,0.5,13.40210894209159,0,0.4344340228821181,0.21721701144105904
94141,"94141: Industrial butchers and meat cutters, poultry preparers and related workers",0.8200000000000001,17.413995950037464,0.15000000000000002,0.2651332952474317,0.217409302102894
60031,60031: Accommodation service managers,0.42675744368116453,11.589880541555567,0.14593424714005981,0.5109096529891792,0.21803449746169296
72300,72300: Plumbers,0.5,13.300541858964309,0,0.43872013090139295,0.21936006545069647
72301,"72301: Steamfitters, pipefitters and sprinkler system installers",0.5,13.300541858964309,0,0.43872013090139295,0.21936006545069647
72011,"72011: Contractors and supervisors, electrical trades and telecommunications occupations",0.6332540154669839,15.443731390946159,0.2090592334494773,0.34827801563121497,0.22054845189733988
72014,"72014: Contractors and supervisors, other construction trades, installers, repairers and servicers",0.6332540154669839,15.443731390946159,0.2090592334494773,0.34827801563121497,0.22054845189733988
21231,21231: Software engineers and designers,0.6799999999999999,15.956760572392417,0.1333333333333333,0.3266282997881085,0.22210724385591374
95100,95100: Labourers in mineral and metal processing,0.5068727705112961,13.311636814676746,0.02920892494929006,0.4382519262706369,0.22213796805071
95101,95101: Labourers in metal fabrication,0.5068727705112961,13.311636814676746,0.02920892494929006,0.4382519262706369,0.22213796805071
95103,"95103: Labourers in wood, pulp and paper processing",0.5068727705112961,13.311636814676746,0.02920892494929006,0.4382519262706369,0.22213796805071
95104,95104: Labourers in rubber and plastic products manufacturing,0.5068727705112961,13.311636814676746,0.02920892494929006,0.4382519262706369,0.22213796805071
95106,95106: Labourers in food and beverage processing,0.5068727705112961,13.311636814676746,0.02920892494929006,0.4382519262706369,0.22213796805071
14200,14200: Accounting and related clerks,0.5,13.159684262881566,0.16666666666666666,0.4446642897130568,0.2223321448565284
94213,"94213: Industrial painters, coaters and metal finishing process operators",0.5,13.130264080833285,0,0.44590581476549573,0.22295290738274787
72105,72105: Ironworkers,0.6799999999999999,15.884703681407405,0.1333333333333333,0.32966908434926234,0.22417497735749836
94129,94129: Other wood processing machine operators,0.43886052136522435,11.53680723644089,0.128625472887768,0.5131493345046596,0.22520098447893283
44100,44100: Home child care providers,0.5,13.010960169650144,0,0.4509404129316369,0.22547020646581845
20010,20010: Engineering managers,0.5,12.959417949929147,0,0.45311548298854243,0.22655774149427121
33101,33101: Medical laboratory assistants and related technical occupations,0.3333333333333333,7.575763271312039,0,0.6803044971902248,0.2267681657300749
72104,72104: Structural metal and platework fabricators and fitters,0.4074074074074074,10.394670302227453,0.08888888888888885,0.5613472557416761,0.22869703011697914
52120,52120: Graphic designers and illustrators,0.43816884661117705,11.201573873384625,0.1921182266009852,0.5272961068789663,0.2310447269737206
94105,94105: Metalworking and forging machine operators,0.5322784057108865,13.39520965597587,0.22243902439024393,0.43472517120140974,0.23139482104947856
72411,"72411: Auto body collision, refinishing and glass technicians and damage repair estimators",0.5,12.729702913875254,0,0.46280940574247986,0.23140470287123993
65210,"65210: Support occupations in accommodation, travel and facilities set-up services",0.5,12.72635442022542,0,0.4629507114199015,0.23147535570995076
72401,72401: Heavy-duty equipment mechanics,0.6799999999999999,15.585412422846861,0.1333333333333333,0.342299108013599,0.2327633934492473
72601,72601: Air traffic controllers and related occupations,0.5,12.58872350540032,0,0.468758705009643,0.2343793525048215
72106,72106: Welders and related machine operators,0.5,12.491491524401921,0,0.472861872696018,0.236430936348009
94202,"94202: Assemblers and inspectors, electrical appliance, apparatus and equipment manufacturing",0.5672092982576102,13.794830770032078,0.2157173137291728,0.4178612502450365,0.23701478652053481
94219,"94219: Other products assemblers, finishers and inspectors",0.4792283998963423,11.953075939502115,0.10603228547153778,0.4955828890438997,0.2374973949325146
63101,63101: Real estate agents and salespersons,0.57396449704142,13.864290977484053,0.09230769230769229,0.41493004514379994,0.23815511466833486
52111,52111: Graphic arts technicians,0.5,12.381942170506791,0.16666666666666666,0.47748483074284775,0.23874241537142388
43109,43109: Other instructors,0.5118343195266272,12.589699442043381,0.3173076923076923,0.4687175207032386,0.2399057132593499
73113,73113: Floor covering installers,0.4074074074074074,9.708989237627353,0.08888888888888885,0.5902828421458308,0.24048560235570884
75211,75211: Railway and motor transport labourers,0.5,12.148779655705404,0,0.48732423632302124,0.24366211816151062
42200,42200: Paralegals and related occupations,0.48074823595112165,11.679337926881558,0.10228404855909377,0.5071345714881323,0.24380405063274763
94132,94132: Industrial sewing machine operators,0.5,12.045509634939831,0,0.4916822079268658,0.2458411039634329
93100,"93100: Central control and process operators, mineral and metal processing",0.57396449704142,13.458867297949837,0.09230769230769229,0.43203883305570534,0.24797495151717996
14110,14110: Survey interviewers and statistical clerks,0.4074074074074074,9.252438516399865,0.08888888888888885,0.6095491796954344,0.24833485098702882
64314,64314: Hotel front desk clerks,0.5,11.921837194807882,0,0.4969011570301748,0.2484505785150874
95102,95102: Labourers in chemical products processing and utilities,0.4869945539433754,11.558288144053476,0.26805362005329353,0.5122428450442482,0.2494594758330092
65200,65200: Food and beverage servers,0.5,11.826835656787484,0,0.5009102005255206,0.2504551002627603
22214,22214: Technical occupations in geomatics and meteorology,0.3877551020408164,8.389111584402336,0.17142857142857143,0.6459813816702951,0.25048257656603284
60040,60040: Managers in customer and personal services,0.5,11.756454133332667,0,0.5038802849544535,0.25194014247722674
42203,42203: Instructors of persons with disabilities,0.5,11.581651387668746,0,0.5112569214287184,0.2556284607143592
72321,72321: Insulators,0.5,11.506411035599266,0,0.5144320473302264,0.2572160236651132
73311,73311: Railway conductors and brakemen/women,0.5,11.398920584873032,0,0.518968120127314,0.259484060063657
42201,42201: Social and community service workers,0.5,11.369102986829835,0.16666666666666666,0.5202264160451784,0.2601132080225892
12113,12113: Statistical officers and related research support occupations,0.5,11.367591255563251,0,0.5202902107639513,0.26014510538197566
72012,"72012: Contractors and supervisors, pipefitting trades",0.5,11.353796287735458,0,0.520872355297513,0.2604361776487565
72013,"72013: Contractors and supervisors, carpentry trades",0.5,11.353796287735458,0,0.520872355297513,0.2604361776487565
82020,"82020: Supervisors, mining and quarrying",0.5,11.353796287735458,0,0.520872355297513,0.2604361776487565
82021,"82021: Contractors and supervisors, oil and gas drilling and services",0.5,11.353796287735458,0,0.520872355297513,0.2604361776487565
12101,12101: Human resources and recruitment officers,0.5,11.244124972088532,0,0.5255004601027837,0.26275023005139186
72024,"72024: Supervisors, motor transport and other ground transit operators",0.5,11.160779145280063,0,0.5290176352116642,0.2645088176058321
21203,21203: Land surveyors,0.5,11.025336781996248,0,0.5347332724195656,0.2673666362097828
31112,31112: Audiologists and speech-language pathologists,0.5,10.999849128854786,0,0.5358088456383536,0.2679044228191768
65310,65310: Light duty cleaners,0.619047619047619,13.433731429403249,0.19047619047619047,0.43309956104386615,0.26810925207477426
21101,21101: Chemists,0.5801749271137027,12.49710758495078,0.18923933209647498,0.4726248762064661,0.27420510310520924
74200,74200: Railway yard and track maintenance workers,0.6799999999999999,14.028402883979592,0.1333333333333333,0.4080045596732018,0.2774431005777772
12110,"12110: Court reporters, medical transcriptionists and related occupations",0.6799999999999999,13.972327899349056,0.1333333333333333,0.4103709113878067,0.27905221974370853
43200,43200: Sheriffs and bailiffs,0.5016019935920256,10.445395561863146,0.21770682148040638,0.559206661216264,0.2804991760960185
65312,"65312: Janitors, caretakers and heavy-duty cleaners",0.6799999999999999,13.797189929160382,0.1333333333333333,0.4177616942614715,0.28407795209780057
73201,73201: General building maintenance workers and building superintendents,0.6799999999999999,13.797189929160382,0.1333333333333333,0.4177616942614715,0.28407795209780057
31209,31209: Other professional occupations in health diagnosing and treating,0.5,10.155537979951166,0.16666666666666666,0.5714385858519617,0.28571929292598086
73112,73112: Painters and decorators (except interior decorators),0.6799999999999999,13.691070924015477,0.1333333333333333,0.42223989236408954,0.28712312680758084
65102,"65102: Store shelf stockers, clerks and order fillers",0.57396449704142,11.808130487346103,0.09230769230769229,0.5016995544606349,0.2879577324419028
63210,63210: Hairstylists and barbers,0.6799999999999999,13.482694537657892,0.1333333333333333,0.43103332890962387,0.2931026636585442
21102,21102: Geoscientists and oceanographers,0.5,9.559930745356974,0,0.5965730769284961,0.2982865384642481
31203,31203: Occupational therapists,0.5,9.43506149155268,0,0.6018425312990696,0.3009212656495348
94110,94110: Chemical plant machine operators,0.5661157024793388,11.036908443957461,0.2272727272727273,0.5342449508925395,0.3024444556705699
52114,52114: Announcers and other broadcasters,0.6799999999999999,13.147999355654719,0.1333333333333333,0.4451573901647722,0.3027070253120451
52113,52113: Audio and video recording technicians,0.5,9.343422895969839,0,0.605709659381408,0.302854829690704
21230,21230: Computer systems developers and programmers,0.6799999999999999,13.131198125252936,0.1333333333333333,0.44586639830147845,0.3031891508450053
21232,21232: Software developers and programmers,0.6799999999999999,13.131198125252936,0.1333333333333333,0.44586639830147845,0.3031891508450053
31120,31120: Pharmacists,0.6799999999999999,13.12748837564714,0.1333333333333333,0.44602294889883076,0.3032956052512049
53111,"53111: Motion pictures, broadcasting, photography and performing arts assistants and operators",0.5,9.29524679330854,0.16666666666666666,0.6077426800569672,0.3038713400284836
32104,32104: Animal health technologists and veterinary technicians,0.5,8.90988856894502,0,0.624004710282529,0.3120023551412645
12102,12102: Procurement and purchasing agents and officers,0.6799999999999999,12.812434681749732,0.1333333333333333,0.45931814378223224,0.3123363377719179
85102,85102: Aquaculture and marine harvest labourers,0.6107266435986161,11.498295904418589,0.11029411764705885,0.514774504037262,0.3143865050608192
64201,"64201: Image, social and other personal consultants",0.57396449704142,10.712711313449159,0.09230769230769229,0.5479259967403975,0.31449006913502103
74202,74202: Air transport ramp attendants,0.552835050443444,10.196225655780005,0.2877251050671777,0.5697215751011745,0.3149620557097762
74203,74203: Automotive and heavy truck and equipment parts installers and servicers,0.5,8.700465272803111,0.16666666666666666,0.6328423261850349,0.31642116309251744
64320,64320: Tour and travel guides,0.57396449704142,10.566906730564575,0.09230769230769229,0.5540789172802685,0.3180216270780239
64322,64322: Outdoor sport and recreational guides,0.57396449704142,10.566906730564575,0.09230769230769229,0.5540789172802685,0.3180216270780239
64101,64101: Sales and account representatives - wholesale trade (non-technical),0.6799999999999999,12.545661064869972,0.1333333333333333,0.4705759302956678,0.31999163260105407
95109,"95109: Other labourers in processing, manufacturing and utilities",0.6587264182702018,11.99052663047623,0.21352457629985452,0.4940024783245096,0.32541248316330723
14404,14404: Dispatchers,0.8892733564013842,15.002296571485143,0.14117647058823526,0.36690646553272444,0.3262801440896546
72205,72205: Telecommunications equipment installation and cable television service technicians,0.619047619047619,11.103798179384759,0.19047619047619047,0.5314222191314746,0.32897565946234136
12201,12201: Insurance adjusters and claims examiners,0.5,8.102901290792543,0,0.6580593915615768,0.3290296957807884
94142,94142: Fish and seafood plant workers,0.6512287334593574,11.719242254998862,0.1826086956521739,0.5054506178342402,0.3291639656784419
43100,43100: Elementary and secondary school teacher assistants,0.6799999999999999,12.131189709579365,0.1333333333333333,0.48806652808554973,0.3318852390981738
65211,"65211: Operators and attendants in amusement, recreation and sport",0.6512287334593574,11.480206047908531,0.1826086956521739,0.5155378919053385,0.33573308839582067
22233,22233: Construction inspectors,0.5,7.7815045621867345,0,0.6716222610802354,0.3358111305401177
95107,95107: Labourers in fish and seafood processing,0.8200000000000001,13.956868066401073,0.15000000000000002,0.41102331285425386,0.3370391165404882
40040,40040: Commissioned police officers and related occupations in public protection services,0.9863020214030915,15.580832159650944,0.07002652519893895,0.34249239408827936,0.33780094060445415
53100,"53100: Registrars, restorers, interpreters and other occupations related to museum and art galleries",0.57396449704142,9.579787528089007,0.09230769230769229,0.5957351251720386,0.34193081148927656
73402,"73402: Drillers and blasters - surface mining, quarrying and construction",0.6799999999999999,11.778022234315607,0.1333333333333333,0.5029701159534626,0.34201967884835455
10012,10012: Purchasing managers,0.9965398027807728,15.462250404423562,0.03826689774696704,0.3474965174358293,0.34629411095250673
13110,13110: Administrative assistants,0.7174515235457063,12.239707435487741,0.2706766917293233,0.48348710450727805,0.3468785597434488
40020,40020: Administrators - post-secondary education and vocational training,0.9697041420118342,15.136664189979962,0.09572649572649572,0.36123618231271915,0.35029222223318585
14112,14112: Desktop publishing operators and related occupations,0.6799999999999999,11.199954781649584,0.1333333333333333,0.5273644321853139,0.3586078138860134
62029,62029: Other services supervisors,0.8200000000000001,13.283073888543683,0.15000000000000002,0.4394572753166409,0.3603549657596456
62101,62101: Retail and wholesale buyers,0.6799999999999999,11.128106214614899,0.1333333333333333,0.5303964255227109,0.3606695693554434
72421,72421: Appliance servicers and repairers,0.6799999999999999,11.090758385350403,0.1333333333333333,0.5319724955011356,0.3617412969407722
40019,40019: Other managers in public administration,0.9566241305657485,14.725067234128852,0.1503424858029389,0.37860548109401593,0.3621831391789899
13112,13112: Medical administrative assistants,0.6799999999999999,10.959572798247576,0.1333333333333333,0.537508497713487,0.3655057784451711
83101,"83101: Oil and gas well drillers, servicers, testers and related workers",0.6799999999999999,10.85393656080631,0.1333333333333333,0.5419663231278058,0.3685370997269079
12203,"12203: Assessors, business valuators and appraisers",0.5,5.8917725934153005,0,0.7513685243009787,0.37568426215048933
92101,92101: Water and waste treatment plant operators,0.6799999999999999,10.332784669802564,0.1333333333333333,0.5639588154837415,0.38349199452894417
31103,31103: Veterinarians,0.8200000000000001,12.264057892491682,0.15000000000000002,0.48245952070922005,0.3956168069815605
72203,72203: Electrical power line and cable workers,0.8892733564013842,13.09442331531499,0.14117647058823526,0.44741828699345576,0.3978771617900282
21120,21120: Public and environmental health and safety professionals,0.6799999999999999,9.82419103141278,0.1333333333333333,0.5854213524094386,0.39808651963841823
50012,"50012: Recreation, sports and fitness program and service directors",0.8200000000000001,12.125630725155483,0.15000000000000002,0.4883011159754901,0.4004069150999019
63100,63100: Insurance agents and brokers,0.8200000000000001,12.109579001380864,0.15000000000000002,0.48897849510143554,0.4009623659831772
44101,"44101: Home support workers, caregivers and related occupations",0.6799999999999999,9.646416206528317,0.1333333333333333,0.5929234099570362,0.4031879187707846
72023,"72023: Supervisors, railway transport operations",0.6799999999999999,9.38867590582753,0.1333333333333333,0.6037999925634261,0.4105839949431297
64311,64311: Pursers and flight attendants,0.6500000000000001,8.549943964566568,0.30000000000000004,0.6391942914718189,0.4154762894566824
80020,80020: Managers in agriculture,0.8892733564013842,12.365497847900517,0.14117647058823526,0.47817877745101467,0.4252316463837743
94205,"94205: Machine operators and inspectors, electrical apparatus manufacturing",0.8892733564013842,12.364658059474788,0.14117647058823526,0.4782142163333296,0.42526316123759766
65220,65220: Pet groomers and animal care workers,0.8200000000000001,11.229453813853164,0.15000000000000002,0.5261195796740907,0.43141805533275446
14403,14403: Purchasing and inventory control workers,0.6799999999999999,8.555260244753581,0.1333333333333333,0.6389699456459796,0.4344995630392661
41403,"41403: Social policy researchers, consultants and program officers",0.619047619047619,7.058717678237575,0.19047619047619047,0.7021237046989214,0.4346480076707608
80010,80010: Managers in natural resources production and fishing,0.8200000000000001,10.914387947289677,0.15000000000000002,0.5394152882412575,0.4423205363578312
40021,40021: School principals and administrators of elementary and secondary education,0.8988919667590026,11.91484340784493,0.19736842105263155,0.49719629326392323,0.4469257539172938
14401,14401: Storekeepers and partspersons,0.6799999999999999,7.8793660146403415,0.1333333333333333,0.6674925298403054,0.4538949202914076
62022,"62022: Accommodation, travel, tourism and related services supervisors",0.8200000000000001,10.370897196644396,0.15000000000000002,0.562350475439882,0.4611273898607033
94210,"94210: Furniture and fixture assemblers, finishers, refinishers and inspectors",0.6757795440649839,7.393335212844887,0.15750778816199376,0.6880029201463802,0.4649382996918983
32101,32101: Licensed practical nurses,0.6799999999999999,7.477333429680554,0.1333333333333333,0.6844582143253716,0.46543158574125265
65100,65100: Cashiers,0.6799999999999999,7.163245390256817,0.1333333333333333,0.6977126588075997,0.47444460798916777
63201,63201: Butchers - retail and wholesale,0.8200000000000001,9.967787043674294,0.15000000000000002,0.5793616330521476,0.4750765391027611
65202,65202: Meat cutters and fishmongers - retail and wholesale,0.8200000000000001,9.967787043674294,0.15000000000000002,0.5793616330521476,0.4750765391027611
94204,94204: Mechanical assemblers and inspectors,0.6440535471771325,6.0926892822331595,0.18552290892716425,0.7428898853105372,0.4784608657962646
94212,"94212: Plastic products assemblers, finishers and inspectors",0.7838243572902985,9.158363256943552,0.14943960149439603,0.6135191344441178,0.4808912412409609
70021,70021: Postal and courier services managers,0.9697041420118342,11.816748735101696,0.09572649572649572,0.501335866347518,0.48614746613627957
93200,93200: Aircraft assemblers and aircraft assembly inspectors,0.9474068663257851,10.616815723697716,0.11583011583011582,0.551972769017314,0.5229427913918598
51101,51101: Conservators and curators,0.6799999999999999,4.721732028483872,0.1333333333333333,0.800743972466059,0.5445059012769201
40041,40041: Fire chiefs and senior firefighting officers,0.9474068663257851,9.943046442330992,0.11583011583011582,0.5804056808534055,0.5498803272950086
72100,72100: Machinists and machining and tooling inspectors,0.8827838827838829,8.801920441950477,0.17582417582417584,0.6285609409104922,0.554883467983255
94200,"94200: Motor vehicle assemblers, inspectors and testers",0.9402604790085324,8.91039405197893,0.1557296977389246,0.6239833790124114,0.5867069108435725
85103,85103: Nursery and greenhouse labourers,0.8892733564013842,7.093425351573168,0.14117647058823526,0.7006590487057229,0.6230774239355391
94201,"94201: Electronics assemblers, fabricators, inspectors and testers",0.8827838827838829,6.267544728721184,0.17582417582417584,0.7355110248733716,0.649297278368068
33100,33100: Dental assistants and dental laboratory assistants,0.8892733564013842,6.23923107533925,0.14117647058823526,0.736705854665453,0.6551328880588977
94123,94123: Lumber graders and other wood processing inspectors and graders,0.9922481793819737,5.3556674839793565,0.054932478828107076,0.7739920391049637,0.7679921916580417
10030,10030: Telecommunication carriers managers,1,0,0,1,1
11103,"11103: Securities agents, investment dealers and brokers",1,0,0,1,1
11201,11201: Professional occupations in business management consulting,1,0,0,1,1
12010,"12010: Supervisors, general office and administrative support workers",1,0,0,1,1
12011,"12011: Supervisors, finance and insurance office workers",1,0,0,1,1
12012,"12012: Supervisors, library, correspondence and related information workers",1,0,0,1,1
12100,12100: Executive assistants,1,0,0,1,1
12103,12103: Conference and event planners,1,0,0,1,1
12111,12111: Health information management occupations,1,0,0,1,1
12112,12112: Records management technicians,1,0,0,1,1
12200,12200: Accounting technicians and bookkeepers,1,0,0,1,1
12202,12202: Insurance underwriters,1,0,0,1,1
13102,13102: Payroll administrators,1,0,0,1,1
13111,13111: Legal administrative assistants,1,0,0,1,1
14102,14102: Personnel clerks,1,0,0,1,1
14111,14111: Data entry clerks,1,0,0,1,1
14202,14202: Collection clerks,1,0,0,1,1
14300,14300: Library assistants and clerks,1,0,0,1,1
14400,14400: Shippers and receivers,1,0,0,1,1
14402,14402: Production logistics workers,1,0,0,1,1
14405,14405: Transportation route and crew schedulers,1,0,0,1,1
20012,20012: Computer and information systems managers,1,0,0,1,1
21103,21103: Meteorologists and climatologists,1,0,0,1,1
21111,21111: Forestry professionals,1,0,0,1,1
21200,21200: Architects,1,0,0,1,1
21201,21201: Landscape architects,1,0,0,1,1
21202,21202: Urban and land use planners,1,0,0,1,1
21322,21322: Metallurgical and materials engineers,1,0,0,1,1
21330,21330: Mining engineers,1,0,0,1,1
21331,21331: Geological engineers,1,0,0,1,1
21332,21332: Petroleum engineers,1,0,0,1,1
21390,21390: Aerospace engineers,1,0,0,1,1
22101,22101: Geological and mineral technologists and technicians,1,0,0,1,1
22111,22111: Agricultural and fish products inspectors,1,0,0,1,1
22113,22113: Conservation and fishery officers,1,0,0,1,1
22210,22210: Architectural technologists and technicians,1,0,0,1,1
22211,22211: Industrial designers,1,0,0,1,1
22213,22213: Land survey technologists and technicians,1,0,0,1,1
22221,22221: User support technicians,1,0,0,1,1
22222,22222: Information systems testing technicians,1,0,0,1,1
22303,22303: Construction estimators,1,0,0,1,1
22313,"22313: Aircraft instrument, electrical and avionics mechanics, technicians and inspectors",1,0,0,1,1
30010,30010: Managers in health care,1,0,0,1,1
31102,31102: General practitioners and family physicians,1,0,0,1,1
31111,31111: Optometrists,1,0,0,1,1
31121,31121: Dietitians and nutritionists,1,0,0,1,1
31201,31201: Chiropractors,1,0,0,1,1
31202,31202: Physiotherapists,1,0,0,1,1
32100,32100: Opticians,1,0,0,1,1
32102,32102: Paramedical occupations,1,0,0,1,1
32110,32110: Denturists,1,0,0,1,1
32111,32111: Dental hygienists and dental therapists,1,0,0,1,1
32112,32112: Dental technologists and technicians,1,0,0,1,1
32122,32122: Medical sonographers,1,0,0,1,1
32201,32201: Massage therapists,1,0,0,1,1
40010,40010: Government managers - health and social policy development and program administration,1,0,0,1,1
40011,"40011: Government managers - economic analysis, policy development and program administration",1,0,0,1,1
40012,40012: Government managers - education policy development and program administration,1,0,0,1,1
40042,40042: Commissioned officers of the Canadian Armed Forces,1,0,0,1,1
41100,41100: Judges,1,0,0,1,1
41101,41101: Lawyers and Quebec notaries,1,0,0,1,1
41302,41302: Religious leaders,1,0,0,1,1
41311,41311: Probation and parole officers,1,0,0,1,1
41320,41320: Educational counsellors,1,0,0,1,1
41405,"41405: Education policy researchers, consultants and program officers",1,0,0,1,1
50010,"50010: Library, archive, museum and art gallery managers",1,0,0,1,1
50011,"50011: Managers - publishing, motion pictures, broadcasting and performing arts",1,0,0,1,1
51100,51100: Librarians,1,0,0,1,1
51102,51102: Archivists,1,0,0,1,1
51110,51110: Editors,1,0,0,1,1
51113,51113: Journalists,1,0,0,1,1
51114,"51114: Translators, terminologists and interpreters",1,0,0,1,1
51121,"51121: Conductors, composers and arrangers",1,0,0,1,1
51122,51122: Musicians and singers,1,0,0,1,1
52100,52100: Library and public archive technicians,1,0,0,1,1
52110,52110: Film and video camera operators,1,0,0,1,1
52112,52112: Broadcast technicians,1,0,0,1,1
52121,52121: Interior designers and interior decorators,1,0,0,1,1
53110,53110: Photographers,1,0,0,1,1
53120,53120: Dancers,1,0,0,1,1
53122,"53122: Painters, sculptors and other visual artists",1,0,0,1,1
53125,"53125: Patternmakers - textile, leather and fur products",1,0,0,1,1
53200,53200: Athletes,1,0,0,1,1
53201,53201: Coaches,1,0,0,1,1
53202,53202: Sports officials and referees,1,0,0,1,1
55109,55109: Other performers,1,0,0,1,1
60010,60010: Corporate sales managers,1,0,0,1,1
60030,60030: Restaurant and food service managers,1,0,0,1,1
62020,62020: Food service supervisors,1,0,0,1,1
62021,62021: Executive housekeepers,1,0,0,1,1
62023,62023: Customer and information services supervisors,1,0,0,1,1
62024,62024: Cleaning supervisors,1,0,0,1,1
62200,62200: Chefs,1,0,0,1,1
63202,63202: Bakers,1,0,0,1,1
63220,63220: Shoe repairers and shoemakers,1,0,0,1,1
63221,63221: Upholsterers,1,0,0,1,1
64200,"64200: Tailors, dressmakers, furriers and milliners",1,0,0,1,1
64300,64300: Maîtres d'hôtel and hosts/hostesses,1,0,0,1,1
64301,64301: Bartenders,1,0,0,1,1
64310,64310: Travel counsellors,1,0,0,1,1
64400,64400: Customer services representatives - financial institutions,1,0,0,1,1
65101,65101: Service station attendants,1,0,0,1,1
70010,70010: Construction managers,1,0,0,1,1
70011,70011: Home building and renovation managers,1,0,0,1,1
72020,"72020: Contractors and supervisors, mechanic trades",1,0,0,1,1
72022,"72022: Supervisors, printing and related occupations",1,0,0,1,1
72025,"72025: Supervisors, mail and message distribution occupations",1,0,0,1,1
72102,72102: Sheet metal workers,1,0,0,1,1
72103,72103: Boilermakers,1,0,0,1,1
72200,72200: Electricians (except industrial and power system),1,0,0,1,1
72202,72202: Power system electricians,1,0,0,1,1
72204,72204: Telecommunications line and cable installers and repairers,1,0,0,1,1
72310,72310: Carpenters,1,0,0,1,1
72311,72311: Cabinetmakers,1,0,0,1,1
72402,"72402: Heating, refrigeration and air conditioning mechanics",1,0,0,1,1
72403,72403: Railway carmen/women,1,0,0,1,1
72405,72405: Machine fitters,1,0,0,1,1
72406,72406: Elevator constructors and mechanics,1,0,0,1,1
72420,72420: Oil and solid fuel heating mechanics,1,0,0,1,1
72422,72422: Electrical mechanics,1,0,0,1,1
72429,72429: Other small engine and small equipment repairers,1,0,0,1,1
72501,72501: Water well drillers,1,0,0,1,1
72602,"72602: Deck officers, water transport",1,0,0,1,1
72603,"72603: Engineer officers, water transport",1,0,0,1,1
72604,72604: Railway traffic controllers and marine traffic regulators,1,0,0,1,1
73100,73100: Concrete finishers,1,0,0,1,1
73110,73110: Roofers and shinglers,1,0,0,1,1
73111,73111: Glaziers,1,0,0,1,1
73202,73202: Pest controllers and fumigators,1,0,0,1,1
73300,73300: Transport truck drivers,1,0,0,1,1
73401,73401: Printing press operators,1,0,0,1,1
74101,74101: Letter carriers,1,0,0,1,1
74201,74201: Water transport deck and engine room crew,1,0,0,1,1
75100,75100: Longshore workers,1,0,0,1,1
75200,75200: Taxi and limousine drivers and chauffeurs,1,0,0,1,1
80021,80021: Managers in horticulture,1,0,0,1,1
80022,80022: Managers in aquaculture,1,0,0,1,1
82010,"82010: Supervisors, logging and forestry",1,0,0,1,1
82031,"82031: Contractors and supervisors, landscaping, grounds maintenance and horticulture services",1,0,0,1,1
83110,83110: Logging machinery operators,1,0,0,1,1
83120,83120: Fishing masters and officers,1,0,0,1,1
83121,83121: Fishermen/women,1,0,0,1,1
84100,84100: Underground mine service and support workers,1,0,0,1,1
84111,84111: Silviculture and forestry workers,1,0,0,1,1
84121,84121: Fishing vessel deckhands,1,0,0,1,1
85104,85104: Trappers and hunters,1,0,0,1,1
85110,85110: Mine labourers,1,0,0,1,1
85111,"85111: Oil and gas drilling, servicing and related labourers",1,0,0,1,1
85121,85121: Landscaping and grounds maintenance labourers,1,0,0,1,1
92010,"92010: Supervisors, mineral and metal processing",1,0,0,1,1
92011,"92011: Supervisors, petroleum, gas and chemical processing and utilities",1,0,0,1,1
92012,"92012: Supervisors, food and beverage processing",1,0,0,1,1
92013,"92013: Supervisors, plastic and rubber products manufacturing",1,0,0,1,1
92014,"92014: Supervisors, forest products processing",1,0,0,1,1
92015,"92015: Supervisors, textile, fabric, fur and leather products processing and manufacturing",1,0,0,1,1
92020,"92020: Supervisors, motor vehicle assembling",1,0,0,1,1
92021,"92021: Supervisors, electronics and electrical products manufacturing",1,0,0,1,1
92022,"92022: Supervisors, furniture and fixtures manufacturing",1,0,0,1,1
92023,"92023: Supervisors, other mechanical and metal products manufacturing",1,0,0,1,1
92024,"92024: Supervisors, other products manufacturing and assembly",1,0,0,1,1
93102,"93102: Pulping, papermaking and coating control operators",1,0,0,1,1
94104,"94104: Inspectors and testers, mineral and metal processing",1,0,0,1,1
94107,94107: Machine operators of other metal products,1,0,0,1,1
94120,94120: Sawmill machine operators,1,0,0,1,1
94122,94122: Paper converting machine operators,1,0,0,1,1
94131,"94131: Weavers, knitters and other fabric making occupations",1,0,0,1,1
94133,"94133: Inspectors and graders, textile, fabric, fur and leather products manufacturing",1,0,0,1,1
94143,"94143: Testers and graders, food and beverage processing",1,0,0,1,1
94150,94150: Plateless printing equipment operators,1,0,0,1,1
94152,94152: Binding and finishing machine operators,1,0,0,1,1
94153,94153: Photographic and film processors,1,0,0,1,1
94211,94211: Assemblers and inspectors of other wood products,1,0,0,1,1
